<?xml version="1.0"?>
<!DOCTYPE package-info SYSTEM "http://www.simplemachines.org/xml/package-info">
<package-info xmlns="http://www.simplemachines.org/xml/package-info" xmlns:smf="http://www.simplemachines.org/">
  <name>Adkblog-turkish</name>
  <id>snrj:Adkblog-turkish</id>
  <type>modification</type>
  <version>1.0</version>

	<install for="2.0 - 2.0.99, 2.1 Beta 2">
		<readme parsebbc="true">readme.txt</readme>
		<modification type="file">install_2.0.x.xml</modification>
		<require-file name="Adk-Blog.turkish.php" destination="$themedir/languages" />
		<require-file name="Adk-Blog.turkish-utf8.php" destination="$themedir/languages" />
	</install>
		
	<uninstall for="2.0 - 2.0.99, 2.1 Beta 2">
		<remove-file name="$themedir/languages/Adk-Blog.turkish.php" />
		<remove-file name="$themedir/languages/Adk-Blog.turkish-utf8.php" />
	</uninstall>
</package-info>
