<?xml version="1.0"?>
<!DOCTYPE package-info SYSTEM "http://www.simplemachines.org/xml/package-info">
<package-info xmlns="http://www.simplemachines.org/xml/package-info" xmlns:smf="http://www.simplemachines.org/">
	<name>Hide Content Mod-turkish</name>
	<id>Konusal:HideContentMod-turkish</id>
	<type>modification</type>
	<version>1.0</version>
	<install for="2.0 - 2.99.99">
		<redirect url="?action=admin;area=modsettings;sa=hidecontent;"></redirect>
		<readme parsebbc="true">readme.txt</readme>
		<modification type="file">turkish.xml</modification>
	</install>
	<uninstall for="2.0 - 2.99.99">
		<modification type="file" reverse="true">turkish.xml</modification>
	</uninstall>
</package-info>
