<?xml version="1.0"?>
<!DOCTYPE modification SYSTEM "http://www.simplemachines.org/xml/modification">
<modification xmlns="http://www.simplemachines.org/xml/modification" xmlns:smf="http://www.simplemachines.org/">
	<id>Konusal:CustomFormMod-turkish</id>
	<version>1.7</version>
	<file name="$themedir/languages/Modifications.turkish.php" error="skip">
		<operation>
			<search position="end" />
			<add><![CDATA[
//	**Start Özel Form Mod**
/**
 *  @türkçe çeviri snrj 
 *  @http://smf.konusal.com/
 */
//	Header and General text for the Custom Form Mod settings area.
$txt['CustomForm_generalsettings_heading'] = 'Özel Form Mod Ayarları';
$txt['CustomForm_tabheader'] = 'Özel Formlar';
$txt['CustomForm_form'] = 'Form';
$txt['CustomForm_field'] = 'Alan';
$txt['CustomForm_view_title'] = 'Form Başlığını Görüntüle';
$txt['CustomForm_view_text'] = 'Form Metinlerini Görüntüle';
$txt['CustomForm_view_perms'] = 'Form Görünümü Sayfası İzinleri';

//	Stuff for the forms action
$txt['CustomForm_submit'] = 'Formu gönder';
$txt['CustomForm_required'] = 'Zorunlu Alanlar';

//	Junk for the list areas.
$txt['CustomForm_listheading_fields'] = 'Form Alanları';
$txt['CustomForm_add_form'] = 'Yeni Form Ekle';
$txt['CustomForm_add_field'] = 'Yeni Alan Ekle';
$txt['CustomForm_edit'] = 'Düzenle';
$txt['CustomForm_delete_warning'] = 'Bunu silmek istediğinizden emin misiniz?';
$txt['CustomForm_list_noelements'] = 'Bu liste boş.';
$txt['CustomForm_moveup'] = 'Yukarı Taşı';
$txt['CustomForm_movedown'] = 'Aşağı Taşı';

//	Text for the settings pages.
$txt['CustomForm_text'] = 'Metin';
$txt['CustomForm_type'] = 'Tip';
$txt['CustomForm_type_vars'] = 'Ekstra Tip Parametreleri';
$txt['CustomForm_output'] = 'Form Çıktısı';
$txt['CustomForm_board_id'] = 'Board';
$txt['CustomForm_template_function'] = 'Özel Şablon İşlevi';
$txt['CustomForm_exit'] = 'Yönlendirmeyi Gönder';

//  Redirection Text
$txt['CustomForm_forum'] = 'Forum';
$txt['CustomForm_topic'] = 'Konu';
$txt['CustomForm_board'] = 'Board (default)';
$txt['CustomForm_thanks'] = 'Teşekkür ederim';
$txt['CustomForm_list'] = 'Form Listesi';

//  Text for the thankyou page
$txt['CustomForm_thankyou'] = 'Girmiş olduğunuz bilgi gönderildi. <br /> <br /> Bu formu tamamlamak için zaman ayırdığınız için teşekkür ederiz. <br /> <br /> Artık Foruma geri dönebilir veya mevcutsa Form Listesini görüntüleyebilirsiniz.';

//	Options for the selectbox on the field edit page.
$txt['CustomForm_checkbox'] = 'Onay Kutusu';
$txt['CustomForm_selectionbox'] = 'Seçim Kutusu';
$txt['CustomForm_textbox'] = 'Metin kutusu (String)';
$txt['CustomForm_large_textbox'] = 'Büyük (Multiline) Metin Kutusu';
$txt['CustomForm_int'] = 'Metin kutusu (Integer)';
$txt['CustomForm_float'] = 'Metin kutusu (Float)';
$txt['CustomForm_radiobox'] = 'Radio Kutusu';
$txt['CustomForm_infoboxa'] = 'Bilgi Kutusu';
//	**End Custom Form Mod Text**
]]></add>
		</operation>
	</file>
	<file name="$themedir/languages/Help.turkish.php" error="skip">
		<operation>
			<search position="after"><![CDATA[
$helptxt['manage_boards'] = '
]]></search>
			<add><![CDATA[
//	**Start Custom Form Mod Help Text**
/**
 *  @türkçe çeviri snrj 
 *  @http://smf.konusal.com/
 */
//	Help text for the general settings page.
$helptxt['CustomForm_view_perms'] = 'Bu ayar, erişebildikleri formların listesini görebilen üye gruplarını kısıtlamanıza izin verir ( "index.php? Action = form" adresinde). Onların listede olduklarını bile olsa, izinleri olmadığı herhangi bir formu göremez veya kullanamazlar.';
$helptxt['CustomForm_view_title'] = 'Bu ayar, bir kullanıcıya formların listesini gösteren işlem / sayfa başlığını seçmenizi sağlar (& quot; index.php? Action = forms & quot;). Varsayılan olarak \'Özel Formlar\' başlığı alacaktır.';
$helptxt['CustomForm_view_text'] = 'Bu ayar, bir kullanıcıya form listesini gösteren eylem / sayfada gösterilen açıklama metnini seçmenize olanak tanır (& quot; index.php? Action = forms & quot;). Varsayılan olarak hiçbir şey gösterilmeyecek.';
//	Help text for the edit form page.
$helptxt['CustomForm_form_title'] = 'Bu geçerli formun başlığıdır, bir kullanıcı formu doldururken ve form listesini görüntülediğinde görüntülenir.';
$helptxt['CustomForm_board_id'] = 'Formun gönderileceği panoyu seçmek için bu açılır menü. ';
$helptxt['CustomForm_icon'] = 'Bu açılır menü, konu satırının varsayılan simgesini postanızın ruh hali veya amaca uygun bir şekilde değiştirebilmenizi sağlar. ';
$helptxt['CustomForm_permissions'] = 'Bu formun görüntülenmesi veya gönderilebilmesi için bu formun izin ayarlarıdır; kullanıcı, seçilen üye gruplardan birinde olmalıdır.';
$helptxt['CustomForm_subject'] = 'Bu, form tarafından oluşturulan postanın konusudur / başlıktır, Form Çıktısı alanı gibi, formun kendisinden değerler içerebilir.<br /><br />Example:<br />Form name: {field_name}';
$helptxt['CustomForm_output'] = 'Bir kullanıcının formda girdiği verilerin forumu gönderdikten sonra forum yazılarında görüntüleneceği biçimdir.<br/><br/>Bir kullanıcının forum mesajına girdiği verileri gerçekte göstermek için, köşeli parantezler arasındaki alanın başlığını girmeniz gerekir { }.<br /><br />Örnek: Alan \'isim\' olarak adlandırılmışsa, {name} kullanıcının alana girdiği şeyle değiştirilir. <br /> Adım {name} \'dir. <br /> Kullanıcı "Bob" kelimesini girdiler. Ilgili forma alanında forum yazısı & quot; Adım Bob\'dur & quot; yazısını görüntüleyecektir. <br /> <br /> Bob, alanına adını girmemeyi seçti ve zorunlu değilse, forum yazısı " ; Benim adım & quot; <br /> Örnek: {Adım {name}} <br /> Forumu "/ quot; yerine, & quot; ; Benim adım & quot; Boş satırla değiştirilir.';
$helptxt['CustomForm_submit_exit'] = 'Bu ayar, form başarıyla tamamlandıktan sonra kullanıcının nereye gönderileceğini seçmenizi sağlar.<br /><br />Aşağıdaki seçenekleri girebilirsiniz ....<br /><br /><b>board</b>: kullanıcıyı formun gönderildiği panoya yönlendirir (alan boş bırakılırsa bu varsayılan olur )..<br /><b>forum</b>: Kullanıcıyı Forum Dizini sayfasına yönlendirecek.<br /><b>form</b>: Kullanıcıyı, onları görüntüleme iznine sahip oldukları taktirde dolduracakları form listesine yönlendirecektir.<br /><b>thanks</b>: Kullanıcıyı, formun doğru şekilde tamamlandığını bildiren basit bir sayfaya yönlendirecek ve formun tamamlanması için onlara teşekkür edeceğim.<br /><br />Forum, form ve teşekkürler, eğer form kullanıcının erişemediği bir board mesaj atarsa kullanışlıdır.<br /><br />Alternatif olarak, http://www.simplemachines.org gibi bir URL de girebilirsiniz ve kullanıcı bu URL\'ye yönlendirilir. Bu, kullanıcıları özel bir teşekkür sayfası, başka bir belirli form, belirli bir forum defterine veya İnternet\'teki başka herhangi bir yere yönlendirmek için kullanışlı olabilir.';
$helptxt['CustomForm_template_function'] = 'Bu ayar, bir kullanıcı gönderirken bu form için hangi şablon işlevinin kullanılacağını seçmenize izin verir.<br /><br />Dört adet şablon seçeneği vardır.<br />Kullanıcı girdi kutularının açıklama metninin sağındaki varsayılan seçenek için alanı boş bırakın veya girin...<br /><br /><b>left</b> Açıklama metninin solundaki giriş kutularını görüntüleyecektir.<br /><b>center</b> Giriş kutularının üst kısmındaki açıklama metni ile giriş kutusunu sayfanın ortasında görüntüler.<br /> <b>example</b> Kendi kullanımlarınız için nasıl özelleştirilmiş şablonlar oluşturabileceğinize ilişkin bir örnek görüntüler.<br /><br /><b>Attention!</b> Form gönderme sayfalarının tüm görünümünü değiştirmek için yalnızca özel şablonlar oluşturmanız gerekir.
<br /><br />Özel şablonlar eklenebilir &quot;/themes/{current_theme}/CustomForm.template.php&quot;. Kullanılacak şablon işlevinin format ile isimlendirilmesi gerektiğini lütfen unutmayın., &quot;form_template_{value for this setting}&quot;, Aksi halde varsayılan &quot;form_template_submit_form()&quot; template function will be used.<br /><br />Bir şablonda nelerin değişebileceğine ilişkin kısa bir örnek için &quot;example&quot;Bir formun Özel Şablon İşlevinde açın ve o formu görüntüleyin. Metinle birlikte birkaç yer göreceksiniz<span style="color:red">&quot;Example of something...&quot;</span>, Bunlar formun işlevlerini etkilemeden form şablonunuza bilgi eklemeniz için iyi yerlerdir.<br /><br />Yeni bir şablon oluşturmaya çalışıyorsanız, &quot;CustomForm.template.php&quot; file and find &quot;Example:Özel form şablonu nasıl düzenlenir?&quot; Ve talimatları orada takip edin.<br /><br /><b><span style="color:red">Warning</span></b> - Çok ciddi bir şey yapmadan önce HTML, XML ve PHP hakkında iyi bir bilgiye sahip olmanız önerilir.<br /><b><span style="color:red">Uygun olmayan kodlama, Özel Form Modunun ve muhtemelen forumunuzun kopmasına neden olur!</span></b><br />Herhangi bir değişiklik yapmadan önce formunuzu veya en azından <b> CustomForm.template.php </ b> dosyasını yedeklediğinizden emin olun.';
//	Help text for the edit field page.
$helptxt['CustomForm_field_title'] = 'Bu, formdan kullanıcı girdisine erişmek için mod tarafından kullanılacak başlıktır. Formda veya son forum mesajında gösterilmez.<br /><br />Not: &quot;title&quot; Alanı yalnızca kullanıcılar tarafından görülen kullanıcılar tarafından görülür; kullanıcı girişinin forma görüntülendiği yeri ve gönderilen formu forma gönderildiğinde kullanılacaktır. En iyi sonuçları almak için başlıklar kısa tutun, Tüm küçük harfler gibi ve özel karakterler kullanmayın # & * @ [ etc.<br /><br />Example: name, username, and user_name will work fine. The &quot;title&quot; &quot;User Name&quot; çalışmayacak. Bir rakamın ilk karakteri olarak sayıları kullanmayın. &quot;title&quot; question_1, q_1,or the word &quot;one&quot; will work. 1, 2, 3, 1st, 2nd, 3rd çalışmayacak.<br /><br />Bir oluşum "başlık" Formunuzun düzgün çalışmamasına neden olur. Örneğin, kullanıcının formda girdiği bilgiler forum mesajında görüntülenmez veya form kullanıcılara hiç görünmez..';
$helptxt['CustomForm_text'] = 'Bu ayar, bir kullanıcının formu doldururken göreceği metni değiştirmenize olanak tanır.<br /><br />Metin alanına pek çok standart HTML etiketi de kullanabilirsiniz, <ins><a href="http://www.w3schools.com/html/html_quick.asp">W3 Schools</a></ins> HTML etiketlerinin nasıl kullanılacağıyla ilgili bazı iyi eğitimler sağlar. Bunların çoğu, forum yayınlarında kullanabileceğiniz BBC etiketlerine benzer; ancak &lt; &gt; yerine [ ]';
$helptxt['CustomForm_type'] = 'Bu ayar, görüntülenen alan türünü ayarlamanızı sağlar. Dolayısıyla, bir kullanıcının sunabileceği girdiyi kısıtlamak.<br /><br /><b>Metin kutusu (String)</b> Kullanıcının herhangi bir şeyi yazmasına izin veren küçük bir giriş kutusu ekler..<br /><br /><b>Büyük (Multiline) Metin kutusu</b> Kullanıcının bir şey yazmasına izin veren geniş bir giriş kutusu ekler.<br /><br /><b>Metin kutusu (Integer)</b> Yalnızca kullanıcının tam sayıları yazmasına izin verir. Kullanıcı, bu kutuya metin, ondalık sayı veya kesir yazamaz. Örneğin, kullanıcı kutuya 12.345 yazacak olsaydı, yayınlarında yalnızca 12 görüntülenirdi.<br /><br /></b><b>Metin kutusu (Float)</b> Bir kullanıcının <a href=http://en.wikipedia.org/wiki/Floating_point> Yüzen Nokta Değerleri </a> girmesine izin verir. Çoğu durumda, kullanıcının formda ondalık sayıları girmesini beklediğinizde bu seçenek kullanılacaktır.<br /><br /><b>onay kutusu</b> Form foruma gönderildikten sonra kutunun işaretlenip onaylanmadığını yazacaktır. Varsayılan olarak, işaretlenmişse <b> evet </ b> ve işaretlenmediyse <b> hayır </ b> gönderecektir.<br /><br /><b>Seçim Kutusu</b> Kullanıcının çeşitli öğeler arasından seçim yapmasına izin verir. <B> Ekstra Tür Parametreleri </ b> alanına virgülle ayrılmış öğeler listesini girin. Kullanıcı başka bir şey seçmedikçe ilk seçenek önceden seçilecektir.<br /><br /><b>Radio kutusu</b> Bir Seçim Kutusu gibi kullanıcının çeşitli öğelerden seçim yapmasına izin verir. <B> Ekstra Tür Parametreleri </ b> alanına virgülle ayrılmış öğeler listesini girin. Hiçbir öğe önceden seçilmeyecektir. <br /> <br /> <b> Bilgi Kutusu </ b> herhangi bir kullanıcı girişi gerektirmeden form boyunca metin görüntülemenize olanak tanır.';
$helptxt['CustomForm_type_vars'] = 'Bu alan, alana bağlı olarak form ve forumdaki alanın davranışını değiştirmek için gerekli tüm parametreleri ayarlamanızı sağlar.<br /><br /><b>Metin kutusu Parameters</b><br /><br /><b>parse_bbc</b> Kullanıcılarınızın kullanması için <ins><a href="http://wiki.simplemachines.org/smf/Basic_Bulletin_Board_Codes" target="_blank">BBCodes</a></ins> Onların girişinde parse_bbc Ekstra Tip Parametreleri alanına girmelisiniz, aksi takdirde BBC forum mesajında düzgün görüntülenmez.<br /><br /><b>size=(int)</b> Bu, bir kullanıcının girişinde yazabilecek karakter sayısını sınırlar.<br /><br />Example: Alana size = 8 girerseniz, kullanıcılar girişi 8 karakterle sınırlı olacaktır. Kullanıcı alana 1234567890 yazarsa forum yazısında yalnızca 12345678 görüntülenir.<br /><br /><b>default=(str)</b> Bu, kullanıcı girişi doldurmazsa forum yazısında görünecek varsayılan metni ayarlamanızı sağlar.<br /><br />Example:  &quot;default=Kullanıcı bu alana herhangi bir veri girmedi&quot;, Ekstra Tip Parametreleri alanına girerseniz ve kullanıcı formun doldurulması sırasında dosyaya herhangi bir girdi girmezse &quot;Kullanıcı bu alana herhangi bir veri girmedi.&quot;Forum başlığında otomatik olarak görüntülenecektir..<br /><br /><b>required</b> Ayrıca girebilirsiniz &quot;required&quot; Formun gönderilmesinden önce kullanıcıya bu alan için geçerli verileri girmeye zorlayacak Ekstra Tür Parametreleri alanına.<br /><br />Alanlar bir * ile formda, teslimat düğmesiyle bir * Not Gerekli Alanlar olarak belirir. Kullanıcı bu alanlara veri girmekte başarısız olursa, form,<b><span style="color:red">*</span></b>\'s içinde görüntülenen <b><span style="color:red">red</span></b>, Formun gönderilebilmesi için kullanıcılara bu alanların doldurulması gerektiğini hatırlatmak.<br /><br /><b>Seçim Kutusu ve Radio kutusu</b><br /><br />Bir Seçme Kutusu veya Radio Kutusu, bir dizi seçenek koymanıza olanak tanır (virgüllerle ayrılmış \' ), Kullanıcının seçmesi için.<br /><br />Example: Item 1, Item 2, Item 3, Item 4, and so on.<br /><br />Bir kullanıcının Seçim Kutusu veya Radio Kutusu girmesini zorunlu kılmak içinr &quot;required&quot; Ilk seçim olarak. Entering &quot;required&quot; Seçenekler dizisinin herhangi bir yerinde, formunuzun düzgün çalışmamasına neden olabilir.<br /><br />Example: required, Item 1, Item 2, Item 3, Item 4 <br /><br /><b>Onay Kutusu</b><br /><br />Varsayılan olarak, Ekstra Tür Parametreleri alanını boş bırakırsanız, kutu formda kontrol edilirse <b> Evet </ b> veya yoksa <b> Hayır </ b> kutusu bir onay kutusu gönderecektir.<br /><br />Alternatif olarak bir onay kutusu, virgülle ayrılmış iki dizeyi koymanıza izin verir; onay kutusu işaretlenirse ilk dizge görüntülenir; onay kutusu işaretlenmezse ikinci dizge gösterilir..<br /><br />Example: Onay kutusu işaretlendi. Onay kutusu işaretlenmedi.<br /><br />Ayrıca kullanabilirsiniz &quot;required&quot; pBir form göndermeden önce kullanıcıyı kutuyu işaretlemeye zorlamak için bir parametre kullanın. Varsayılan olarak, yalnızca &quot;required&quot; Ekstra Tür Parametreleri alanında, onay kutusu forumun postasında yalnızca <b> gerekli </ b>  görüntüleyecektir. Ayrıca forumun postasında sizin seçtiğiniz şeyleri gösterebilirsiniz.<br /><br />Example: Bu kutuyu işaretlemek gerekiyordu., Gerekli';
//	**End Custom Form Mod Help Text**
]]></add>
		</operation>
	</file>
	<file name="$themedir/languages/Modifications.turkish-utf8.php" error="skip">
		<operation error="skip">
			<search position="end" />
			<add><![CDATA[
//	**Start Özel Form Mod**
/**
 *  @türkçe çeviri snrj 
 *  @http://smf.konusal.com/
 */
//	Header and General text for the Custom Form Mod settings area.
$txt['CustomForm_generalsettings_heading'] = 'Özel Form Mod Ayarları';
$txt['CustomForm_tabheader'] = 'Özel Formlar';
$txt['CustomForm_form'] = 'Form';
$txt['CustomForm_field'] = 'Alan';
$txt['CustomForm_view_title'] = 'Form Başlığını Görüntüle';
$txt['CustomForm_view_text'] = 'Form Metinlerini Görüntüle';
$txt['CustomForm_view_perms'] = 'Form Görünümü Sayfası İzinleri';

//	Stuff for the forms action
$txt['CustomForm_submit'] = 'Formu gönder';
$txt['CustomForm_required'] = 'Zorunlu Alanlar';

//	Junk for the list areas.
$txt['CustomForm_listheading_fields'] = 'Form Alanları';
$txt['CustomForm_add_form'] = 'Yeni Form Ekle';
$txt['CustomForm_add_field'] = 'Yeni Alan Ekle';
$txt['CustomForm_edit'] = 'Düzenle';
$txt['CustomForm_delete_warning'] = 'Bunu silmek istediğinizden emin misiniz?';
$txt['CustomForm_list_noelements'] = 'Bu liste boş.';
$txt['CustomForm_moveup'] = 'Yukarı Taşı';
$txt['CustomForm_movedown'] = 'Aşağı Taşı';

//	Text for the settings pages.
$txt['CustomForm_text'] = 'Metin';
$txt['CustomForm_type'] = 'Tip';
$txt['CustomForm_type_vars'] = 'Ekstra Tip Parametreleri';
$txt['CustomForm_output'] = 'Form Çıktısı';
$txt['CustomForm_board_id'] = 'Board';
$txt['CustomForm_template_function'] = 'Özel Şablon İşlevi';
$txt['CustomForm_exit'] = 'Yönlendirmeyi Gönder';

//  Redirection Text
$txt['CustomForm_forum'] = 'Forum';
$txt['CustomForm_topic'] = 'Konu';
$txt['CustomForm_board'] = 'Board (default)';
$txt['CustomForm_thanks'] = 'Teşekkür ederim';
$txt['CustomForm_list'] = 'Form Listesi';

//  Text for the thankyou page
$txt['CustomForm_thankyou'] = 'Girmiş olduğunuz bilgi gönderildi. <br /> <br /> Bu formu tamamlamak için zaman ayırdığınız için teşekkür ederiz. <br /> <br /> Artık Foruma geri dönebilir veya mevcutsa Form Listesini görüntüleyebilirsiniz.';

//	Options for the selectbox on the field edit page.
$txt['CustomForm_checkbox'] = 'Onay Kutusu';
$txt['CustomForm_selectionbox'] = 'Seçim Kutusu';
$txt['CustomForm_textbox'] = 'Metin kutusu (String)';
$txt['CustomForm_large_textbox'] = 'Büyük (Multiline) Metin Kutusu';
$txt['CustomForm_int'] = 'Metin kutusu (Integer)';
$txt['CustomForm_float'] = 'Metin kutusu (Float)';
$txt['CustomForm_radiobox'] = 'Radio Kutusu';
$txt['CustomForm_infoboxa'] = 'Bilgi Kutusu';
//	**End Custom Form Mod Text**
]]></add>
		</operation>
	</file>
	<file name="$themedir/languages/Help.turkish-utf8.php" error="skip">
		<operation error="skip">
			<search position="after"><![CDATA[
$helptxt['manage_boards'] = '
]]></search>
			<add><![CDATA[
//	**Start Custom Form Mod Help Text**
/**
 *  @türkçe çeviri snrj 
 *  @http://smf.konusal.com/
 */
//	Help text for the general settings page.
$helptxt['CustomForm_view_perms'] = 'Bu ayar, erişebildikleri formların listesini görebilen üye gruplarını kısıtlamanıza izin verir ( "index.php? Action = form" adresinde). Onların listede olduklarını bile olsa, izinleri olmadığı herhangi bir formu göremez veya kullanamazlar.';
$helptxt['CustomForm_view_title'] = 'Bu ayar, bir kullanıcıya formların listesini gösteren işlem / sayfa başlığını seçmenizi sağlar (& quot; index.php? Action = forms & quot;). Varsayılan olarak \'Özel Formlar\' başlığı alacaktır.';
$helptxt['CustomForm_view_text'] = 'Bu ayar, bir kullanıcıya form listesini gösteren eylem / sayfada gösterilen açıklama metnini seçmenize olanak tanır (& quot; index.php? Action = forms & quot;). Varsayılan olarak hiçbir şey gösterilmeyecek.';
//	Help text for the edit form page.
$helptxt['CustomForm_form_title'] = 'Bu geçerli formun başlığıdır, bir kullanıcı formu doldururken ve form listesini görüntülediğinde görüntülenir.';
$helptxt['CustomForm_board_id'] = 'Formun gönderileceği panoyu seçmek için bu açılır menü. ';
$helptxt['CustomForm_icon'] = 'Bu açılır menü, konu satırının varsayılan simgesini postanızın ruh hali veya amaca uygun bir şekilde değiştirebilmenizi sağlar. ';
$helptxt['CustomForm_permissions'] = 'Bu formun görüntülenmesi veya gönderilebilmesi için bu formun izin ayarlarıdır; kullanıcı, seçilen üye gruplardan birinde olmalıdır.';
$helptxt['CustomForm_subject'] = 'Bu, form tarafından oluşturulan postanın konusudur / başlıktır, Form Çıktısı alanı gibi, formun kendisinden değerler içerebilir.<br /><br />Example:<br />Form name: {field_name}';
$helptxt['CustomForm_output'] = 'Bir kullanıcının formda girdiği verilerin forumu gönderdikten sonra forum yazılarında görüntüleneceği biçimdir.<br/><br/>Bir kullanıcının forum mesajına girdiği verileri gerçekte göstermek için, köşeli parantezler arasındaki alanın başlığını girmeniz gerekir { }.<br /><br />Örnek: Alan \'isim\' olarak adlandırılmışsa, {name} kullanıcının alana girdiği şeyle değiştirilir. <br /> Adım {name} \'dir. <br /> Kullanıcı "Bob" kelimesini girdiler. Ilgili forma alanında forum yazısı & quot; Adım Bob\'dur & quot; yazısını görüntüleyecektir. <br /> <br /> Bob, alanına adını girmemeyi seçti ve zorunlu değilse, forum yazısı " ; Benim adım & quot; <br /> Örnek: {Adım {name}} <br /> Forumu "/ quot; yerine, & quot; ; Benim adım & quot; Boş satırla değiştirilir.';
$helptxt['CustomForm_submit_exit'] = 'Bu ayar, form başarıyla tamamlandıktan sonra kullanıcının nereye gönderileceğini seçmenizi sağlar.<br /><br />Aşağıdaki seçenekleri girebilirsiniz ....<br /><br /><b>board</b>: kullanıcıyı formun gönderildiği panoya yönlendirir (alan boş bırakılırsa bu varsayılan olur )..<br /><b>forum</b>: Kullanıcıyı Forum Dizini sayfasına yönlendirecek.<br /><b>form</b>: Kullanıcıyı, onları görüntüleme iznine sahip oldukları taktirde dolduracakları form listesine yönlendirecektir.<br /><b>thanks</b>: Kullanıcıyı, formun doğru şekilde tamamlandığını bildiren basit bir sayfaya yönlendirecek ve formun tamamlanması için onlara teşekkür edeceğim.<br /><br />Forum, form ve teşekkürler, eğer form kullanıcının erişemediği bir board mesaj atarsa kullanışlıdır.<br /><br />Alternatif olarak, http://www.simplemachines.org gibi bir URL de girebilirsiniz ve kullanıcı bu URL\'ye yönlendirilir. Bu, kullanıcıları özel bir teşekkür sayfası, başka bir belirli form, belirli bir forum defterine veya İnternet\'teki başka herhangi bir yere yönlendirmek için kullanışlı olabilir.';
$helptxt['CustomForm_template_function'] = 'Bu ayar, bir kullanıcı gönderirken bu form için hangi şablon işlevinin kullanılacağını seçmenize izin verir.<br /><br />Dört adet şablon seçeneği vardır.<br />Kullanıcı girdi kutularının açıklama metninin sağındaki varsayılan seçenek için alanı boş bırakın veya girin...<br /><br /><b>left</b> Açıklama metninin solundaki giriş kutularını görüntüleyecektir.<br /><b>center</b> Giriş kutularının üst kısmındaki açıklama metni ile giriş kutusunu sayfanın ortasında görüntüler.<br /> <b>example</b> Kendi kullanımlarınız için nasıl özelleştirilmiş şablonlar oluşturabileceğinize ilişkin bir örnek görüntüler.<br /><br /><b>Attention!</b> Form gönderme sayfalarının tüm görünümünü değiştirmek için yalnızca özel şablonlar oluşturmanız gerekir.
<br /><br />Özel şablonlar eklenebilir &quot;/themes/{current_theme}/CustomForm.template.php&quot;. Kullanılacak şablon işlevinin format ile isimlendirilmesi gerektiğini lütfen unutmayın., &quot;form_template_{value for this setting}&quot;, Aksi halde varsayılan &quot;form_template_submit_form()&quot; template function will be used.<br /><br />Bir şablonda nelerin değişebileceğine ilişkin kısa bir örnek için &quot;example&quot;Bir formun Özel Şablon İşlevinde açın ve o formu görüntüleyin. Metinle birlikte birkaç yer göreceksiniz<span style="color:red">&quot;Example of something...&quot;</span>, Bunlar formun işlevlerini etkilemeden form şablonunuza bilgi eklemeniz için iyi yerlerdir.<br /><br />Yeni bir şablon oluşturmaya çalışıyorsanız, &quot;CustomForm.template.php&quot; file and find &quot;Example:Özel form şablonu nasıl düzenlenir?&quot; Ve talimatları orada takip edin.<br /><br /><b><span style="color:red">Warning</span></b> - Çok ciddi bir şey yapmadan önce HTML, XML ve PHP hakkında iyi bir bilgiye sahip olmanız önerilir.<br /><b><span style="color:red">Uygun olmayan kodlama, Özel Form Modunun ve muhtemelen forumunuzun kopmasına neden olur!</span></b><br />Herhangi bir değişiklik yapmadan önce formunuzu veya en azından <b> CustomForm.template.php </ b> dosyasını yedeklediğinizden emin olun.';
//	Help text for the edit field page.
$helptxt['CustomForm_field_title'] = 'Bu, formdan kullanıcı girdisine erişmek için mod tarafından kullanılacak başlıktır. Formda veya son forum mesajında gösterilmez.<br /><br />Not: &quot;title&quot; Alanı yalnızca kullanıcılar tarafından görülen kullanıcılar tarafından görülür; kullanıcı girişinin forma görüntülendiği yeri ve gönderilen formu forma gönderildiğinde kullanılacaktır. En iyi sonuçları almak için başlıklar kısa tutun, Tüm küçük harfler gibi ve özel karakterler kullanmayın # & * @ [ etc.<br /><br />Example: name, username, and user_name will work fine. The &quot;title&quot; &quot;User Name&quot; çalışmayacak. Bir rakamın ilk karakteri olarak sayıları kullanmayın. &quot;title&quot; question_1, q_1,or the word &quot;one&quot; will work. 1, 2, 3, 1st, 2nd, 3rd çalışmayacak.<br /><br />Bir oluşum "başlık" Formunuzun düzgün çalışmamasına neden olur. Örneğin, kullanıcının formda girdiği bilgiler forum mesajında görüntülenmez veya form kullanıcılara hiç görünmez..';
$helptxt['CustomForm_text'] = 'Bu ayar, bir kullanıcının formu doldururken göreceği metni değiştirmenize olanak tanır.<br /><br />Metin alanına pek çok standart HTML etiketi de kullanabilirsiniz, <ins><a href="http://www.w3schools.com/html/html_quick.asp">W3 Schools</a></ins> HTML etiketlerinin nasıl kullanılacağıyla ilgili bazı iyi eğitimler sağlar. Bunların çoğu, forum yayınlarında kullanabileceğiniz BBC etiketlerine benzer; ancak &lt; &gt; yerine [ ]';
$helptxt['CustomForm_type'] = 'Bu ayar, görüntülenen alan türünü ayarlamanızı sağlar. Dolayısıyla, bir kullanıcının sunabileceği girdiyi kısıtlamak.<br /><br /><b>Metin kutusu (String)</b> Kullanıcının herhangi bir şeyi yazmasına izin veren küçük bir giriş kutusu ekler..<br /><br /><b>Büyük (Multiline) Metin kutusu</b> Kullanıcının bir şey yazmasına izin veren geniş bir giriş kutusu ekler.<br /><br /><b>Metin kutusu (Integer)</b> Yalnızca kullanıcının tam sayıları yazmasına izin verir. Kullanıcı, bu kutuya metin, ondalık sayı veya kesir yazamaz. Örneğin, kullanıcı kutuya 12.345 yazacak olsaydı, yayınlarında yalnızca 12 görüntülenirdi.<br /><br /></b><b>Metin kutusu (Float)</b> Bir kullanıcının <a href=http://en.wikipedia.org/wiki/Floating_point> Yüzen Nokta Değerleri </a> girmesine izin verir. Çoğu durumda, kullanıcının formda ondalık sayıları girmesini beklediğinizde bu seçenek kullanılacaktır.<br /><br /><b>onay kutusu</b> Form foruma gönderildikten sonra kutunun işaretlenip onaylanmadığını yazacaktır. Varsayılan olarak, işaretlenmişse <b> evet </ b> ve işaretlenmediyse <b> hayır </ b> gönderecektir.<br /><br /><b>Seçim Kutusu</b> Kullanıcının çeşitli öğeler arasından seçim yapmasına izin verir. <B> Ekstra Tür Parametreleri </ b> alanına virgülle ayrılmış öğeler listesini girin. Kullanıcı başka bir şey seçmedikçe ilk seçenek önceden seçilecektir.<br /><br /><b>Radio kutusu</b> Bir Seçim Kutusu gibi kullanıcının çeşitli öğelerden seçim yapmasına izin verir. <B> Ekstra Tür Parametreleri </ b> alanına virgülle ayrılmış öğeler listesini girin. Hiçbir öğe önceden seçilmeyecektir. <br /> <br /> <b> Bilgi Kutusu </ b> herhangi bir kullanıcı girişi gerektirmeden form boyunca metin görüntülemenize olanak tanır.';
$helptxt['CustomForm_type_vars'] = 'Bu alan, alana bağlı olarak form ve forumdaki alanın davranışını değiştirmek için gerekli tüm parametreleri ayarlamanızı sağlar.<br /><br /><b>Metin kutusu Parameters</b><br /><br /><b>parse_bbc</b> Kullanıcılarınızın kullanması için <ins><a href="http://wiki.simplemachines.org/smf/Basic_Bulletin_Board_Codes" target="_blank">BBCodes</a></ins> Onların girişinde parse_bbc Ekstra Tip Parametreleri alanına girmelisiniz, aksi takdirde BBC forum mesajında düzgün görüntülenmez.<br /><br /><b>size=(int)</b> Bu, bir kullanıcının girişinde yazabilecek karakter sayısını sınırlar.<br /><br />Example: Alana size = 8 girerseniz, kullanıcılar girişi 8 karakterle sınırlı olacaktır. Kullanıcı alana 1234567890 yazarsa forum yazısında yalnızca 12345678 görüntülenir.<br /><br /><b>default=(str)</b> Bu, kullanıcı girişi doldurmazsa forum yazısında görünecek varsayılan metni ayarlamanızı sağlar.<br /><br />Example:  &quot;default=Kullanıcı bu alana herhangi bir veri girmedi&quot;, Ekstra Tip Parametreleri alanına girerseniz ve kullanıcı formun doldurulması sırasında dosyaya herhangi bir girdi girmezse &quot;Kullanıcı bu alana herhangi bir veri girmedi.&quot;Forum başlığında otomatik olarak görüntülenecektir..<br /><br /><b>required</b> Ayrıca girebilirsiniz &quot;required&quot; Formun gönderilmesinden önce kullanıcıya bu alan için geçerli verileri girmeye zorlayacak Ekstra Tür Parametreleri alanına.<br /><br />Alanlar bir * ile formda, teslimat düğmesiyle bir * Not Gerekli Alanlar olarak belirir. Kullanıcı bu alanlara veri girmekte başarısız olursa, form,<b><span style="color:red">*</span></b>\'s içinde görüntülenen <b><span style="color:red">red</span></b>, Formun gönderilebilmesi için kullanıcılara bu alanların doldurulması gerektiğini hatırlatmak.<br /><br /><b>Seçim Kutusu ve Radio kutusu</b><br /><br />Bir Seçme Kutusu veya Radio Kutusu, bir dizi seçenek koymanıza olanak tanır (virgüllerle ayrılmış \' ), Kullanıcının seçmesi için.<br /><br />Example: Item 1, Item 2, Item 3, Item 4, and so on.<br /><br />Bir kullanıcının Seçim Kutusu veya Radio Kutusu girmesini zorunlu kılmak içinr &quot;required&quot; Ilk seçim olarak. Entering &quot;required&quot; Seçenekler dizisinin herhangi bir yerinde, formunuzun düzgün çalışmamasına neden olabilir.<br /><br />Example: required, Item 1, Item 2, Item 3, Item 4 <br /><br /><b>Onay Kutusu</b><br /><br />Varsayılan olarak, Ekstra Tür Parametreleri alanını boş bırakırsanız, kutu formda kontrol edilirse <b> Evet </ b> veya yoksa <b> Hayır </ b> kutusu bir onay kutusu gönderecektir.<br /><br />Alternatif olarak bir onay kutusu, virgülle ayrılmış iki dizeyi koymanıza izin verir; onay kutusu işaretlenirse ilk dizge görüntülenir; onay kutusu işaretlenmezse ikinci dizge gösterilir..<br /><br />Example: Onay kutusu işaretlendi. Onay kutusu işaretlenmedi.<br /><br />Ayrıca kullanabilirsiniz &quot;required&quot; pBir form göndermeden önce kullanıcıyı kutuyu işaretlemeye zorlamak için bir parametre kullanın. Varsayılan olarak, yalnızca &quot;required&quot; Ekstra Tür Parametreleri alanında, onay kutusu forumun postasında yalnızca <b> gerekli </ b>  görüntüleyecektir. Ayrıca forumun postasında sizin seçtiğiniz şeyleri gösterebilirsiniz.<br /><br />Example: Bu kutuyu işaretlemek gerekiyordu., Gerekli';
//	**End Custom Form Mod Help Text**
]]></add>
		</operation>
	</file>
</modification>
